AÃ‘O;LOCAL_VISITA;EQUIPO;VICTORIAS;DERROTAS;EMPATES;LOCAL_GOL;LOCAL_GOL_HT;LOCAL_AMARILLA;LOCAL_ROJA;LOCAL_TIRO_ARCO
2003;Local;Arsenal;7;0;2;16;7;13;1;68
2003;Visita;Arsenal;6;0;4;6;3;18;0;52
2003;Local;Aston Villa;5;1;3;13;8;9;0;69
2003;Visita;Aston Villa;1;6;3;16;5;10;0;60
2003;Local;Birmingham;3;3;3;8;3;14;2;43
2003;Visita;Birmingham;4;3;2;8;2;16;3;60
2003;Local;Blackburn;3;5;1;13;7;16;1;73
2003;Visita;Blackburn;3;5;2;14;8;12;1;72
2003;Local;Bolton;2;1;6;10;5;17;0;86
2003;Visita;Bolton;3;5;2;21;4;11;1;74
2003;Local;Charlton;3;3;3;13;7;12;2;48
2003;Visita;Charlton;5;2;3;8;5;20;0;82
2003;Local;Chelsea;7;1;1;20;12;7;1;52
2003;Visita;Chelsea;6;2;2;9;4;15;0;45
2003;Local;Everton;5;2;3;15;9;16;1;70
2003;Visita;Everton;1;6;2;16;10;10;1;65
2003;Local;Fulham;5;3;2;16;8;12;1;56
2003;Visita;Fulham;3;4;2;15;8;13;1;72
2003;Local;Leeds;2;4;4;9;5;24;1;55
2003;Visita;Leeds;2;6;1;25;10;7;0;76
2003;Local;Leicester;2;3;5;13;6;16;2;62
2003;Visita;Leicester;2;6;1;18;9;13;1;66
2003;Local;Liverpool;4;4;1;15;5;10;0;70
2003;Visita;Liverpool;3;2;4;9;6;14;2;53
2003;Local;Man City;2;3;4;15;3;12;1;87
2003;Visita;Man City;3;5;2;14;4;14;1;59
2003;Local;Man United;8;1;1;24;12;10;0;73
2003;Visita;Man United;7;2;0;6;2;19;1;37
2003;Local;Middlesbrough;2;5;3;6;1;18;0;62
2003;Visita;Middlesbrough;3;2;3;7;3;17;1;63
2003;Local;Newcastle;4;3;3;14;6;14;0;90
2003;Visita;Newcastle;2;2;5;16;8;16;1;55
2003;Local;Portsmouth;5;4;0;18;6;19;0;62
2003;Visita;Portsmouth;0;6;4;18;8;10;0;59
2003;Local;Southampton;5;4;1;11;4;13;1;75
2003;Visita;Southampton;2;3;4;8;5;12;0;74
2003;Local;Tottenham;4;5;1;14;3;15;0;69
2003;Visita;Tottenham;1;6;2;15;5;15;0;80
2003;Local;Wolves;3;2;3;10;2;15;0;34
2003;Visita;Wolves;0;8;2;24;10;20;0;100
2004;Local;Arsenal;14;0;6;51;21;22;0;163
2004;Visita;Arsenal;12;2;5;17;5;25;1;100
2004;Local;Aston Villa;9;5;6;26;15;23;0;119
2004;Visita;Aston Villa;6;7;6;26;17;26;1;145
2004;Local;Birmingham;8;6;6;29;17;22;3;125
2004;Visita;Birmingham;3;6;11;30;17;27;0;129
2004;Local;Blackburn;3;7;10;24;13;28;2;129
2004;Visita;Blackburn;6;8;5;30;14;18;2;133
2004;Local;Bolton;8;8;4;26;10;26;0;175
2004;Visita;Bolton;7;8;4;33;18;20;0;126
2004;Local;Charlton;10;5;5;32;14;14;0;135
2004;Visita;Charlton;5;10;4;33;16;18;1;154
2004;Local;Chelsea;13;2;5;34;16;18;1;146
2004;Visita;Chelsea;13;3;3;13;6;15;0;98
2004;Local;Crystal Palace;2;6;2;8;3;12;0;48
2004;Visita;Crystal Palace;1;5;4;19;8;7;0;96
2004;Local;Everton;10;6;3;25;7;19;0;126
2004;Visita;Everton;5;7;8;28;10;12;1;150
2004;Local;Fulham;7;9;3;24;12;22;2;114
2004;Visita;Fulham;4;10;6;26;13;16;1;157
2004;Local;Leeds;3;3;3;16;9;10;2;52
2004;Visita;Leeds;1;8;1;23;9;13;0;81
2004;Local;Leicester;1;3;5;6;3;9;0;67
2004;Visita;Leicester;1;5;4;19;9;11;1;86
2004;Local;Liverpool;14;2;4;34;17;12;0;167
2004;Visita;Liverpool;5;8;7;26;13;35;2;98
2004;Local;Man City;6;5;9;27;17;14;1;135
2004;Visita;Man City;4;10;5;30;12;20;1;134
2004;Local;Man United;11;2;6;32;11;16;1;162
2004;Visita;Man United;8;6;6;22;6;27;1;123
2004;Local;Middlesbrough;12;3;4;37;16;20;0;167
2004;Visita;Middlesbrough;6;11;4;37;14;20;2;167
2004;Local;Newcastle;10;4;5;35;16;17;0;165
2004;Visita;Newcastle;2;7;11;31;8;24;0;143
2004;Local;Norwich;2;4;4;12;3;8;0;66
2004;Visita;Norwich;0;5;5;19;11;9;0;94
2004;Local;Portsmouth;10;5;5;32;14;14;0;143
2004;Visita;Portsmouth;4;10;5;30;15;9;0;158
2004;Local;Southampton;5;3;11;26;10;20;0;129
2004;Visita;Southampton;2;15;3;39;17;8;0;155
2004;Local;Tottenham;8;5;6;36;16;21;0;153
2004;Visita;Tottenham;8;10;2;20;9;18;1;137
2004;Local;West Brom;1;5;4;7;3;7;2;43
2004;Visita;West Brom;0;6;4;23;11;7;0;66
2004;Local;Wolves;4;5;2;13;4;15;1;68
2004;Visita;Wolves;0;4;5;18;9;4;0;67
2005;Local;Arsenal;15;2;1;47;26;25;0;156
2005;Visita;Arsenal;7;7;5;17;9;34;2;70
2005;Local;Aston Villa;6;7;6;22;9;22;1;107
2005;Visita;Aston Villa;5;9;5;35;19;27;3;137
2005;Local;Birmingham;6;8;4;20;7;20;1;95
2005;Visita;Birmingham;2;13;4;32;12;25;0;127
2005;Local;Blackburn;9;6;2;22;9;28;3;115
2005;Visita;Blackburn;5;9;6;20;8;35;3;107
2005;Local;Bolton;10;2;5;22;10;21;1;142
2005;Visita;Bolton;9;6;4;23;9;17;0;132
2005;Local;Charlton;5;11;3;24;13;17;3;97
2005;Visita;Charlton;6;7;4;21;8;17;0;137
2005;Local;Chelsea;17;0;3;43;17;21;0;163
2005;Visita;Chelsea;15;1;2;7;5;37;2;80
2005;Local;Crystal Palace;4;2;3;13;5;18;2;58
2005;Visita;Crystal Palace;0;6;3;24;10;13;0;76
2005;Local;Everton;7;9;2;16;7;35;3;105
2005;Visita;Everton;5;12;3;40;16;18;4;150
2005;Local;Fulham;10;3;5;33;15;26;1;92
2005;Visita;Fulham;2;13;5;36;14;25;2;150
2005;Local;Liverpool;12;3;4;27;15;21;1;144
2005;Visita;Liverpool;7;7;3;18;11;22;4;75
2005;Local;Man City;10;5;4;26;12;23;0;116
2005;Visita;Man City;5;7;7;26;16;25;1;99
2005;Local;Man United;11;2;6;32;16;26;0;185
2005;Visita;Man United;13;3;3;17;10;33;2;90
2005;Local;Middlesbrough;6;6;8;26;14;27;2;144
2005;Visita;Middlesbrough;3;8;6;23;5;20;0;129
2005;Local;Newcastle;8;2;7;17;10;25;4;120
2005;Visita;Newcastle;4;12;4;26;10;29;1;131
2005;Local;Norwich;5;3;1;17;5;9;1;52
2005;Visita;Norwich;0;7;2;26;13;15;0;86
2005;Local;Portsmouth;5;7;7;21;15;36;3;113
2005;Visita;Portsmouth;2;15;2;40;19;17;0;125
2005;Local;Southampton;3;3;3;17;11;10;1;51
2005;Visita;Southampton;1;5;3;17;14;11;1;79
2005;Local;Sunderland;0;8;3;7;5;11;0;66
2005;Visita;Sunderland;1;7;0;15;8;11;0;62
2005;Local;Tottenham;13;2;5;36;13;29;1;140
2005;Visita;Tottenham;3;8;7;25;11;15;1;120
2005;Local;West Brom;9;5;5;26;9;23;0;98
2005;Visita;West Brom;1;11;7;31;14;19;2;161
2005;Local;West Ham;4;4;1;14;4;12;0;45
2005;Visita;West Ham;3;4;4;15;8;21;1;84
2005;Local;Wigan;6;4;1;16;8;11;1;64
2005;Visita;Wigan;5;4;0;10;6;10;0;61
2006;Local;Arsenal;11;1;8;52;21;24;0;189
2006;Visita;Arsenal;9;9;2;18;11;43;1;106
2006;Local;Aston Villa;7;6;6;21;12;26;0;105
2006;Visita;Aston Villa;3;8;9;32;11;22;1;152
2006;Local;Birmingham;5;2;3;12;6;16;1;41
2006;Visita;Birmingham;0;6;3;15;6;4;0;61
2006;Local;Blackburn;13;5;4;32;18;45;4;104
2006;Visita;Blackburn;5;9;3;26;13;33;1;120
2006;Local;Bolton;13;5;4;37;20;31;1;133
2006;Visita;Bolton;5;8;6;20;8;24;2;96
2006;Local;Charlton;9;5;6;21;9;26;2;117
2006;Visita;Charlton;0;16;5;46;24;16;1;162
2006;Local;Chelsea;14;0;5;39;19;27;3;141
2006;Visita;Chelsea;11;6;3;19;9;37;3;67
2006;Local;Everton;12;3;6;35;20;32;1;126
2006;Visita;Everton;4;7;7;23;10;27;3;126
2006;Local;Fulham;13;5;2;25;13;25;2;101
2006;Visita;Fulham;2;10;7;43;25;24;0;142
2006;Local;Liverpool;15;0;4;36;13;13;1;178
2006;Visita;Liverpool;9;10;3;25;12;31;3;92
2006;Local;Man City;8;7;4;21;13;22;1;115
2006;Visita;Man City;4;15;1;32;20;20;1;152
2006;Local;Man United;16;1;3;43;25;23;0;177
2006;Visita;Man United;13;4;2;21;10;35;0;81
2006;Local;Middlesbrough;9;7;2;23;8;22;0;110
2006;Visita;Middlesbrough;3;12;7;33;16;20;3;149
2006;Local;Newcastle;12;5;4;34;19;29;3;158
2006;Visita;Newcastle;5;11;3;27;14;31;1;149
2006;Local;Portsmouth;10;4;5;30;7;20;1;159
2006;Visita;Portsmouth;6;11;3;32;14;22;2;152
2006;Local;Reading;5;4;1;12;8;6;1;41
2006;Visita;Reading;3;6;2;17;7;13;1;82
2006;Local;Sheffield United;3;4;4;12;3;17;0;73
2006;Visita;Sheffield United;3;6;1;12;6;13;1;68
2006;Local;Sunderland;1;6;1;5;3;17;0;45
2006;Visita;Sunderland;1;8;2;17;8;12;0;91
2006;Local;Tottenham;13;3;3;33;16;19;1;151
2006;Visita;Tottenham;4;11;5;29;16;25;1;120
2006;Local;Watford;1;3;5;8;4;12;1;42
2006;Visita;Watford;0;7;3;17;7;12;0;70
2006;Local;West Brom;1;7;1;5;2;5;1;38
2006;Visita;West Brom;1;4;4;17;5;11;1;77
2006;Local;West Ham;10;8;3;26;9;32;1;120
2006;Visita;West Ham;4;12;2;31;16;21;1;136
2006;Local;Wigan;4;10;4;20;12;30;2;109
2006;Visita;Wigan;6;9;5;30;12;23;0;122
2007;Local;Arsenal;16;1;2;42;13;25;1;155
2007;Visita;Arsenal;7;3;8;17;8;39;2;91
2007;Local;Aston Villa;8;5;6;22;8;35;2;111
2007;Visita;Aston Villa;7;4;7;26;15;27;3;126
2007;Local;Birmingham;3;4;3;12;6;18;0;61
2007;Visita;Birmingham;2;7;1;19;8;13;1;72
2007;Local;Blackburn;8;7;3;28;13;32;5;121
2007;Visita;Blackburn;8;6;6;29;13;28;0;163
2007;Local;Bolton;6;5;7;24;10;30;0;127
2007;Visita;Bolton;2;14;3;47;29;17;1;140
2007;Local;Charlton;3;3;2;9;4;14;0;35
2007;Visita;Charlton;1;4;4;17;6;3;0;74
2007;Local;Chelsea;11;0;7;37;15;26;3;141
2007;Visita;Chelsea;11;4;4;11;8;39;1;108
2007;Local;Derby;1;7;2;7;4;11;0;50
2007;Visita;Derby;0;8;2;26;11;8;1;92
2007;Local;Everton;11;5;2;37;14;19;3;132
2007;Visita;Everton;6;6;7;18;7;33;0;128
2007;Local;Fulham;4;5;10;24;9;26;4;117
2007;Visita;Fulham;0;12;6;37;14;19;3;132
2007;Local;Liverpool;10;2;6;39;16;15;0;150
2007;Visita;Liverpool;9;4;5;13;5;25;3;67
2007;Local;Man City;10;6;4;21;10;26;0;118
2007;Visita;Man City;4;7;6;24;11;27;2;114
2007;Local;Man United;15;1;2;42;19;24;0;208
2007;Visita;Man United;10;5;4;17;7;39;3;112
2007;Local;Middlesbrough;7;7;4;32;18;32;0;110
2007;Visita;Middlesbrough;5;9;5;27;13;19;0;146
2007;Local;Newcastle;7;4;8;25;12;27;0;119
2007;Visita;Newcastle;4;11;3;28;7;30;0;133
2007;Local;Portsmouth;6;4;9;20;10;26;1;130
2007;Visita;Portsmouth;6;7;5;25;12;21;1;112
2007;Local;Reading;12;5;2;31;12;25;1;124
2007;Visita;Reading;2;10;6;39;15;19;1;162
2007;Local;Sheffield United;4;2;2;12;7;14;0;49
2007;Visita;Sheffield United;0;8;1;22;10;17;1;70
2007;Local;Sunderland;4;3;3;11;4;12;1;64
2007;Visita;Sunderland;0;8;2;26;10;8;0;70
2007;Local;Tottenham;9;6;3;45;22;20;2;153
2007;Visita;Tottenham;5;6;8;29;12;35;1;115
2007;Local;Watford;2;4;4;11;6;11;0;52
2007;Visita;Watford;2;6;1;17;8;10;0;78
2007;Local;West Ham;6;7;5;26;14;41;1;117
2007;Visita;West Ham;9;7;2;23;14;34;1;110
2007;Local;Wigan;6;9;4;19;10;31;1;98
2007;Visita;Wigan;2;13;4;39;13;30;0;127
2008;Local;Arsenal;11;2;6;31;14;21;1;163
2008;Visita;Arsenal;9;5;5;23;11;32;2;96
2008;Local;Aston Villa;9;3;7;36;11;13;0;112
2008;Visita;Aston Villa;9;6;4;27;11;32;1;136
2008;Local;Birmingham;3;1;5;18;6;11;2;55
2008;Visita;Birmingham;0;7;2;20;10;6;1;78
2008;Local;Blackburn;6;5;8;25;12;34;1;101
2008;Visita;Blackburn;5;9;5;32;11;24;1;113
2008;Local;Bolton;6;9;4;16;10;26;0;144
2008;Visita;Bolton;6;10;3;30;12;26;1;176
2008;Local;Chelsea;10;2;7;33;18;26;0;177
2008;Visita;Chelsea;15;0;4;9;4;21;0;103
2008;Local;Derby;0;6;3;5;2;16;1;55
2008;Visita;Derby;0;8;1;20;7;9;0;78
2008;Local;Everton;7;5;7;24;10;21;1;117
2008;Visita;Everton;11;5;3;15;2;25;1;124
2008;Local;Fulham;9;7;3;23;10;25;2;125
2008;Visita;Fulham;3;7;8;16;7;13;0;114
2008;Local;Hull;3;5;2;10;4;14;1;60
2008;Visita;Hull;4;2;4;17;11;16;1;99
2008;Local;Liverpool;14;0;6;39;15;21;0;187
2008;Visita;Liverpool;10;3;6;16;7;28;3;86
2008;Local;Man City;7;9;2;33;18;11;4;135
2008;Visita;Man City;4;10;6;37;10;27;2;146
2008;Local;Man United;15;1;1;45;19;18;1;218
2008;Visita;Man United;9;3;7;13;6;41;1;124
2008;Local;Middlesbrough;8;7;5;25;10;33;0;132
2008;Visita;Middlesbrough;2;9;7;27;8;25;0;147
2008;Local;Newcastle;7;7;5;25;12;20;2;118
2008;Visita;Newcastle;2;10;7;38;18;28;0;168
2008;Local;Portsmouth;9;6;4;27;11;26;2;157
2008;Visita;Portsmouth;5;11;3;30;17;16;1;149
2008;Local;Reading;2;6;1;5;1;13;2;47
2008;Visita;Reading;2;6;1;12;7;6;0;65
2008;Local;Stoke;5;3;2;12;3;20;1;42
2008;Visita;Stoke;0;7;3;22;13;10;0;105
2008;Local;Sunderland;8;9;2;23;13;36;0;119
2008;Visita;Sunderland;5;11;3;28;13;29;2;145
2008;Local;Tottenham;6;6;7;23;9;23;0;164
2008;Visita;Tottenham;4;10;5;30;12;33;3;134
2008;Local;West Brom;4;4;2;13;4;19;0;79
2008;Visita;West Brom;1;8;1;19;10;9;0;106
2008;Local;West Ham;8;7;4;25;13;25;2;139
2008;Visita;West Ham;4;11;5;33;17;28;3;176
2008;Local;Wigan;9;5;5;19;9;27;2;131
2008;Visita;Wigan;5;8;5;21;10;15;2;109
2009;Local;Arsenal;13;2;3;42;19;19;0;185
2009;Visita;Arsenal;10;3;6;23;5;38;2;108
2009;Local;Aston Villa;9;4;6;28;17;21;0;132
2009;Visita;Aston Villa;7;7;5;27;12;26;4;141
2009;Local;Birmingham;5;2;3;8;3;16;1;62
2009;Visita;Birmingham;4;4;2;13;6;11;0;103
2009;Local;Blackburn;8;3;8;25;7;28;2;137
2009;Visita;Blackburn;3;13;3;42;17;24;1;162
2009;Local;Bolton;6;6;7;29;14;32;2;130
2009;Visita;Bolton;2;10;5;30;10;25;0;147
2009;Local;Burnley;5;1;4;14;7;8;0;60
2009;Visita;Burnley;0;9;1;31;15;16;0;101
2009;Local;Chelsea;16;0;3;43;16;11;0;213
2009;Visita;Chelsea;11;6;2;19;7;30;1;114
2009;Local;Everton;9;3;7;33;11;21;1;159
2009;Visita;Everton;4;7;7;24;13;15;1;126
2009;Local;Fulham;11;6;2;27;10;20;0;128
2009;Visita;Fulham;4;8;7;25;12;18;1;139
2009;Local;Hull;4;9;6;21;10;26;3;113
2009;Visita;Hull;1;13;5;37;19;26;0;160
2009;Local;Liverpool;12;2;5;51;17;22;1;192
2009;Visita;Liverpool;10;6;3;21;9;37;3;102
2009;Local;Man City;14;1;3;38;21;18;1;144
2009;Visita;Man City;4;9;6;27;12;30;2;127
2009;Local;Man United;17;2;2;47;21;26;1;205
2009;Visita;Man United;14;5;0;15;7;32;2;112
2009;Local;Middlesbrough;2;1;6;8;5;12;1;58
2009;Visita;Middlesbrough;0;9;0;22;9;9;0;80
2009;Local;Newcastle;1;4;4;8;3;10;2;63
2009;Visita;Newcastle;1;6;2;15;8;15;0;66
2009;Local;Portsmouth;7;11;1;25;7;38;3;151
2009;Visita;Portsmouth;1;11;7;28;11;21;1;138
2009;Local;Stoke;9;4;5;21;11;37;1;77
2009;Visita;Stoke;3;11;5;31;16;14;0;181
2009;Local;Sunderland;8;7;4;28;12;37;2;105
2009;Visita;Sunderland;1;12;6;31;11;24;0;146
2009;Local;Tottenham;14;3;2;40;17;23;0;192
2009;Visita;Tottenham;6;7;6;31;10;31;1;147
2009;Local;West Brom;3;5;1;13;5;19;1;62
2009;Visita;West Brom;0;5;4;15;8;10;1;73
2009;Local;West Ham;8;7;4;28;13;29;1;134
2009;Visita;West Ham;3;9;7;27;13;33;3;166
2009;Local;Wigan;6;6;6;16;7;25;1;121
2009;Visita;Wigan;3;14;3;47;16;23;1;175
2009;Local;Wolves;3;5;2;9;3;14;0;78
2009;Visita;Wolves;2;6;2;21;10;4;0;87
2010;Local;Arsenal;13;4;2;42;17;32;3;186
2010;Visita;Arsenal;8;6;5;23;10;29;5;108
2010;Local;Aston Villa;6;3;10;27;10;30;0;129
2010;Visita;Aston Villa;6;9;3;34;17;19;0;174
2010;Local;Birmingham;6;1;11;20;7;32;1;86
2010;Visita;Birmingham;1;12;5;35;14;23;3;154
2010;Local;Blackburn;10;4;5;27;13;23;1;117
2010;Visita;Blackburn;5;10;4;35;13;31;3;153
2010;Local;Blackpool;2;2;2;11;4;7;0;43
2010;Visita;Blackpool;5;4;2;18;9;13;0;119
2010;Local;Bolton;9;4;6;31;12;26;3;164
2010;Visita;Bolton;4;12;5;35;12;23;2;171
2010;Local;Burnley;2;6;1;11;3;12;0;57
2010;Visita;Burnley;1;8;0;21;10;15;0;78
2010;Local;Chelsea;15;2;1;60;29;20;3;187
2010;Visita;Chelsea;8;6;5;19;11;31;0;101
2010;Local;Everton;10;3;5;31;13;21;2;143
2010;Visita;Everton;5;4;11;21;11;33;2;115
2010;Local;Fulham;7;6;6;23;7;18;0;126
2010;Visita;Fulham;1;10;8;27;14;22;1;156
2010;Local;Hull;2;4;3;9;6;18;2;45
2010;Visita;Hull;0;6;3;20;8;13;0;92
2010;Local;Liverpool;12;3;3;32;19;18;2;134
2010;Visita;Liverpool;2;9;7;22;6;27;0;102
2010;Local;Man City;11;5;4;32;16;31;3;142
2010;Visita;Man City;9;4;6;20;7;27;4;126
2010;Local;Man United;17;1;1;55;21;20;0;191
2010;Visita;Man United;6;1;10;17;5;29;0;109
2010;Local;Newcastle;3;4;3;20;9;20;0;78
2010;Visita;Newcastle;3;5;1;17;8;19;2;58
2010;Local;Portsmouth;2;4;3;11;5;15;2;73
2010;Visita;Portsmouth;1;6;2;18;12;6;0;88
2010;Local;Stoke;7;7;6;25;10;29;3;136
2010;Visita;Stoke;6;7;5;26;15;16;1;150
2010;Local;Sunderland;9;2;8;25;14;32;1;137
2010;Visita;Sunderland;2;10;7;34;16;26;3;156
2010;Local;Tottenham;12;1;6;30;15;29;1;198
2010;Visita;Tottenham;7;8;3;29;13;32;1;144
2010;Local;West Brom;4;3;2;12;5;12;2;77
2010;Visita;West Brom;2;6;2;21;9;14;1;73
2010;Local;West Ham;6;7;6;24;10;22;0;135
2010;Visita;West Ham;1;11;7;37;17;20;1;149
2010;Local;Wigan;5;6;9;19;7;26;1;152
2010;Visita;Wigan;3;11;4;36;11;30;2;120
2010;Local;Wolves;6;7;6;18;8;26;1;113
2010;Visita;Wolves;3;11;4;30;12;21;0;153
2011;Local;Arsenal;12;2;6;27;9;28;2;180
2011;Visita;Arsenal;7;6;5;37;15;36;2;116
2011;Local;Aston Villa;7;6;5;22;12;25;3;98
2011;Visita;Aston Villa;5;5;10;31;13;33;2;156
2011;Local;Birmingham;3;4;3;10;4;12;1;38
2011;Visita;Birmingham;2;6;2;22;12;11;0;110
2011;Local;Blackburn;5;9;4;22;11;39;0;122
2011;Visita;Blackburn;2;10;7;43;13;32;0;172
2011;Local;Blackpool;3;7;3;19;11;15;0;91
2011;Visita;Blackpool;0;6;2;23;7;10;0;82
2011;Local;Bolton;6;11;2;24;9;24;3;165
2011;Visita;Bolton;3;14;1;36;15;21;3;154
2011;Local;Chelsea;13;4;3;43;18;39;1;180
2011;Visita;Chelsea;8;5;5;17;12;26;1;113
2011;Local;Everton;10;4;5;30;10;28;2;165
2011;Visita;Everton;5;9;3;22;11;34;1;132
2011;Local;Fulham;9;4;5;33;13;31;1;171
2011;Visita;Fulham;3;8;9;22;9;29;0;154
2011;Local;Liverpool;11;1;8;36;17;28;0;175
2011;Visita;Liverpool;9;8;2;21;8;30;3;137
2011;Local;Man City;17;0;1;49;20;19;1;175
2011;Visita;Man City;7;6;5;23;10;29;3;132
2011;Local;Man United;16;2;1;52;23;23;2;206
2011;Visita;Man United;11;4;5;17;11;31;0;127
2011;Local;Newcastle;7;3;8;33;16;27;1;144
2011;Visita;Newcastle;6;7;7;27;10;25;1;128
2011;Local;Norwich;4;3;3;17;7;13;1;70
2011;Visita;Norwich;1;4;4;19;6;12;1;96
2011;Local;QPR;1;4;4;8;4;12;2;55
2011;Visita;QPR;3;6;1;18;9;17;0;90
2011;Local;Stoke;10;3;6;33;14;32;0;98
2011;Visita;Stoke;3;13;3;37;21;13;1;138
2011;Local;Sunderland;4;9;5;27;16;27;2;128
2011;Visita;Sunderland;6;9;3;25;10;27;1;148
2011;Local;Swansea;4;1;5;12;4;14;0;62
2011;Visita;Swansea;0;6;3;19;7;13;1;86
2011;Local;Tottenham;10;1;6;31;16;18;0;183
2011;Visita;Tottenham;9;6;5;25;12;32;1;156
2011;Local;West Brom;6;7;6;25;14;25;1;149
2011;Visita;West Brom;6;7;5;35;21;23;1;132
2011;Local;West Ham;3;5;1;12;7;8;0;78
2011;Visita;West Ham;1;5;3;22;12;9;0;91
2011;Local;Wigan;4;7;7;21;8;35;1;140
2011;Visita;Wigan;4;10;6;36;13;30;0;170
2011;Local;Wolves;7;7;4;29;14;29;0;131
2011;Visita;Wolves;3;12;5;38;20;28;2;184
2012;Local;Arsenal;10;4;4;48;22;29;0;169
2012;Visita;Arsenal;9;5;6;20;11;36;1;121
2012;Local;Aston Villa;3;8;9;17;6;28;2;125
2012;Visita;Aston Villa;3;10;6;39;15;16;1;172
2012;Local;Blackburn;4;5;1;14;6;14;1;76
2012;Visita;Blackburn;1;7;1;23;13;7;0;73
2012;Local;Bolton;3;3;3;12;7;12;0;63
2012;Visita;Bolton;3;5;2;20;4;6;0;80
2012;Local;Chelsea;11;2;5;40;19;19;2;177
2012;Visita;Chelsea;8;6;6;25;8;32;0;153
2012;Local;Everton;12;3;5;36;18;29;0;158
2012;Visita;Everton;5;4;12;28;11;30;3;134
2012;Local;Fulham;11;5;4;39;16;16;1;169
2012;Visita;Fulham;4;11;4;36;21;20;2;174
2012;Local;Liverpool;6;7;6;24;10;18;1;178
2012;Visita;Liverpool;6;10;4;33;17;32;1;117
2012;Local;Man City;16;1;3;49;16;24;1;210
2012;Visita;Man City;10;5;5;16;4;32;0;104
2012;Local;Man United;17;1;1;50;21;23;0;203
2012;Visita;Man United;13;5;2;26;10;36;4;142
2012;Local;Newcastle;12;5;3;29;13;36;0;149
2012;Visita;Newcastle;4;11;4;45;18;21;0;170
2012;Local;Norwich;8;6;5;24;13;26;1;138
2012;Visita;Norwich;5;9;6;36;20;16;3;159
2012;Local;QPR;7;8;5;24;10;28;5;165
2012;Visita;QPR;0;15;4;40;19;22;0;194
2012;Local;Reading;2;3;5;15;5;13;0;44
2012;Visita;Reading;0;8;2;18;4;10;0;104
2012;Local;Southampton;3;4;3;14;4;11;0;66
2012;Visita;Southampton;1;6;2;24;12;9;1;78
2012;Local;Stoke;8;2;9;25;12;22;2;101
2012;Visita;Stoke;2;9;9;24;10;21;0;168
2012;Local;Sunderland;8;6;6;24;9;26;0;123
2012;Visita;Sunderland;4;9;7;32;12;18;3;192
2012;Local;Swansea;7;5;7;32;16;26;2;162
2012;Visita;Swansea;8;9;3;23;11;29;0;165
2012;Local;Tottenham;12;4;5;36;14;20;1;235
2012;Visita;Tottenham;7;8;4;28;9;27;1;122
2012;Local;West Brom;11;7;2;30;12;24;0;161
2012;Visita;West Brom;6;9;5;33;14;21;0;178
2012;Local;West Ham;4;3;3;17;8;12;1;74
2012;Visita;West Ham;2;5;2;11;6;15;1;90
2012;Local;Wigan;6;8;6;26;12;29;0;144
2012;Visita;Wigan;7;11;1;31;9;32;0;166
2012;Local;Wolves;0;9;1;6;3;12;3;52
2012;Visita;Wolves;1;4;4;20;14;9;2;86
2013;Local;Arsenal;12;2;5;38;13;22;2;155
2013;Visita;Arsenal;13;4;2;18;9;28;1;87
2013;Local;Aston Villa;5;11;3;22;6;38;1;99
2013;Visita;Aston Villa;6;5;7;28;15;28;1;108
2013;Local;Cardiff;3;4;3;10;2;14;0;30
2013;Visita;Cardiff;1;5;3;15;8;9;0;51
2013;Local;Chelsea;16;1;3;41;23;25;0;180
2013;Visita;Chelsea;7;6;5;23;8;38;2;101
2013;Local;Crystal Palace;3;5;1;7;4;7;0;34
2013;Visita;Crystal Palace;2;8;0;15;8;15;0;46
2013;Local;Everton;13;1;5;35;18;32;2;155
2013;Visita;Everton;5;5;8;19;9;27;1;104
2013;Local;Fulham;5;11;2;22;11;24;2;112
2013;Visita;Fulham;6;10;3;32;11;20;0;156
2013;Local;Hull;5;2;3;15;7;14;1;39
2013;Visita;Hull;1;6;2;17;9;15;0;44
2013;Local;Liverpool;13;2;3;44;24;20;0;187
2013;Visita;Liverpool;7;6;6;28;15;39;3;119
2013;Local;Man City;17;1;1;57;26;31;0;146
2013;Visita;Man City;7;7;4;24;6;24;2;78
2013;Local;Man United;11;5;2;28;17;22;1;112
2013;Visita;Man United;11;2;6;23;11;34;0;114
2013;Local;Newcastle;9;7;3;29;13;27;2;117
2013;Visita;Newcastle;7;8;3;26;12;18;0;106
2013;Local;Norwich;6;5;8;22;6;34;0;95
2013;Visita;Norwich;3;12;3;40;19;22;2;127
2013;Local;QPR;1;4;4;5;2;11;1;46
2013;Visita;QPR;2;5;2;15;9;13;1;93
2013;Local;Reading;2;4;3;8;2;8;1;41
2013;Visita;Reading;2;7;0;22;7;11;0;108
2013;Local;Southampton;7;4;7;28;16;24;2;124
2013;Visita;Southampton;5;7;8;23;12;21;0;94
2013;Local;Stoke;6;6;6;17;5;38;1;66
2013;Visita;Stoke;2;13;4;36;10;25;1;136
2013;Local;Sunderland;4;8;6;19;9;26;2;86
2013;Visita;Sunderland;3;12;4;37;13;25;1;148
2013;Local;Swansea;5;6;7;27;5;23;0;106
2013;Visita;Swansea;4;10;5;27;12;31;0;123
2013;Local;Tottenham;10;4;5;26;10;31;1;153
2013;Visita;Tottenham;10;3;5;23;13;38;2;72
2013;Local;West Brom;4;8;6;27;9;27;1;97
2013;Visita;West Brom;3;9;7;29;14;29;2;129
2013;Local;West Ham;7;6;6;29;12;27;1;111
2013;Visita;West Ham;2;12;5;32;11;16;0;145
2013;Local;Wigan;2;4;3;13;7;15;0;65
2013;Visita;Wigan;2;4;3;17;6;14;2;67
2014;Local;Arsenal;12;1;6;38;11;26;1;127
2014;Visita;Arsenal;8;7;4;31;19;40;1;93
2014;Local;Aston Villa;6;7;5;22;17;31;3;62
2014;Visita;Aston Villa;4;12;4;32;12;29;0;96
2014;Local;Burnley;2;4;4;7;3;20;0;28
2014;Visita;Burnley;1;5;3;17;10;15;1;55
2014;Local;Cardiff;2;5;2;10;4;11;0;44
2014;Visita;Cardiff;1;8;1;24;9;13;0;64
2014;Local;Chelsea;15;1;2;43;20;18;0;139
2014;Visita;Chelsea;12;3;5;16;5;44;5;72
2014;Local;Crystal Palace;7;8;4;21;6;26;2;77
2014;Visita;Crystal Palace;4;7;8;26;5;29;1;83
2014;Local;Everton;10;5;3;35;16;22;0;91
2014;Visita;Everton;6;9;5;27;13;38;0;93
2014;Local;Fulham;3;5;2;13;3;18;0;48
2014;Visita;Fulham;1;6;2;23;4;8;0;69
2014;Local;Hull;3;11;4;13;9;23;3;62
2014;Visita;Hull;4;11;5;29;15;39;1;96
2014;Local;Leicester;1;4;4;12;6;11;1;37
2014;Visita;Leicester;2;8;0;16;5;12;1;55
2014;Local;Liverpool;12;3;5;41;22;20;2;127
2014;Visita;Liverpool;11;5;2;31;13;39;2;65
2014;Local;Man City;13;2;3;42;18;37;1;115
2014;Visita;Man City;14;2;4;19;9;30;2;68
2014;Local;Man United;13;5;2;40;18;32;2;108
2014;Visita;Man United;6;5;7;20;11;27;1;82
2014;Local;Newcastle;8;8;2;19;4;32;1;92
2014;Visita;Newcastle;4;12;4;34;16;26;1;81
2014;Local;Norwich;3;3;3;7;2;12;1;38
2014;Visita;Norwich;0;8;2;23;11;10;0;56
2014;Local;QPR;5;2;3;17;7;17;1;52
2014;Visita;QPR;0;9;0;22;11;11;1;57
2014;Local;Southampton;10;5;5;38;17;23;1;102
2014;Visita;Southampton;8;7;3;20;11;17;1;66
2014;Local;Stoke;10;6;3;28;14;34;1;79
2014;Visita;Stoke;5;8;6;24;12;29;2;80
2014;Local;Sunderland;4;8;8;21;13;49;1;73
2014;Visita;Sunderland;6;6;6;29;14;25;2;115
2014;Local;Swansea;10;7;3;32;14;26;3;95
2014;Visita;Swansea;4;10;4;33;14;23;1;99
2014;Local;Tottenham;11;6;2;30;16;29;2;80
2014;Visita;Tottenham;9;6;4;31;15;34;4;89
2014;Local;West Brom;4;7;9;26;11;37;0;81
2014;Visita;West Brom;4;12;2;29;20;18;0;87
2014;Local;West Ham;11;7;1;28;16;26;2;76
2014;Visita;West Ham;6;9;4;27;13;24;1;112
2015;Local;Arsenal;13;2;4;38;24;21;0;130
2015;Visita;Arsenal;12;5;2;21;8;36;1;69
2015;Local;Aston Villa;3;11;5;17;10;27;1;73
2015;Visita;Aston Villa;3;14;2;42;20;22;1;104
2015;Local;Bournemouth;2;3;4;10;6;15;0;42
2015;Visita;Bournemouth;3;6;1;21;12;15;4;46
2015;Local;Burnley;2;4;3;7;6;13;0;42
2015;Visita;Burnley;2;6;2;15;11;16;1;53
2015;Local;Chelsea;10;4;6;29;17;39;2;105
2015;Visita;Chelsea;7;7;4;27;14;42;0;80
2015;Local;Crystal Palace;8;9;3;23;10;34;1;89
2015;Visita;Crystal Palace;11;4;3;15;6;32;0;80
2015;Local;Everton;7;6;7;33;15;29;0;93
2015;Visita;Everton;6;6;6;22;10;35;0;73
2015;Local;Hull;4;4;2;11;8;16;0;50
2015;Visita;Hull;1;6;2;13;2;12;0;33
2015;Local;Leicester;11;4;4;32;16;21;1;90
2015;Visita;Leicester;8;5;6;29;19;31;1;81
2015;Local;Liverpool;10;4;4;28;12;27;2;93
2015;Visita;Liverpool;8;6;6;23;15;34;1;75
2015;Local;Man City;16;3;1;56;26;33;0;153
2015;Visita;Man City;6;7;5;22;12;25;0;71
2015;Local;Man United;10;3;5;29;14;23;0;80
2015;Visita;Man United;8;7;5;23;13;35;1;82
2015;Local;Newcastle;4;9;7;27;12;35;1;72
2015;Visita;Newcastle;3;13;2;39;17;33;0;112
2015;Local;Norwich;3;3;3;11;4;13;0;35
2015;Visita;Norwich;2;6;2;22;8;10;0;61
2015;Local;QPR;1;6;2;6;1;19;0;38
2015;Visita;QPR;2;7;1;27;15;11;1;64
2015;Local;Southampton;9;6;4;32;16;27;2;99
2015;Visita;Southampton;5;9;5;22;13;23;0;66
2015;Local;Stoke;10;6;3;31;21;30;2;77
2015;Visita;Stoke;6;6;7;21;11;27;1;94
2015;Local;Sunderland;5;9;4;15;7;33;2;54
2015;Visita;Sunderland;2;13;5;42;20;31;0;139
2015;Local;Swansea;6;6;7;21;10;27;0;69
2015;Visita;Swansea;6;9;4;23;8;33;3;93
2015;Local;Tottenham;11;3;5;38;17;41;0;125
2015;Visita;Tottenham;8;5;6;23;13;32;1;73
2015;Local;Watford;4;4;2;10;5;20;2;37
2015;Visita;Watford;4;2;3;12;3;11;0;38
2015;Local;West Brom;8;8;3;23;11;33;3;71
2015;Visita;West Brom;5;6;8;21;14;24;2;112
2015;Local;West Ham;6;5;7;24;8;21;2;89
2015;Visita;West Ham;4;8;8;26;12;27;3;107
2016;Local;Arsenal;12;3;4;35;17;23;2;105
2016;Visita;Arsenal;7;3;8;22;8;36;2;75
2016;Local;Aston Villa;2;6;2;8;2;20;1;31
2016;Visita;Aston Villa;0;8;1;20;4;11;0;42
2016;Local;Bournemouth;8;9;2;29;12;20;0;84
2016;Visita;Bournemouth;5;9;5;31;13;34;1;87
2016;Local;Burnley;7;3;1;19;10;20;0;44
2016;Visita;Burnley;0;7;1;18;10;8;1;67
2016;Local;Chelsea;10;2;7;45;18;33;2;103
2016;Visita;Chelsea;13;3;3;15;8;47;4;63
2016;Local;Crystal Palace;4;12;2;19;9;30;0;78
2016;Visita;Crystal Palace;2;10;7;41;20;30;1;97
2016;Local;Everton;7;5;6;25;13;28;2;90
2016;Visita;Everton;5;9;6;32;16;26;0;108
2016;Local;Hull;2;5;3;11;3;16;1;33
2016;Visita;Hull;1;7;1;21;8;8;1;50
2016;Local;Leicester;12;2;6;35;18;23;1;80
2016;Visita;Leicester;5;8;5;27;16;31;0;92
2016;Local;Liverpool;11;1;7;48;25;20;0;133
2016;Visita;Liverpool;10;6;3;31;12;28;0;82
2016;Local;Man City;9;4;5;35;14;20;3;97
2016;Visita;Man City;11;5;4;24;16;38;1;68
2016;Local;Man United;13;2;5;33;17;35;1;121
2016;Visita;Man United;8;6;4;24;6;25;0;70
2016;Local;Middlesbrough;3;5;1;9;5;16;0;26
2016;Visita;Middlesbrough;1;4;5;12;5;23;0;49
2016;Local;Newcastle;5;1;3;18;8;15;1;58
2016;Visita;Newcastle;0;8;2;21;10;8;1;39
2016;Local;Norwich;3;5;2;15;6;16;0;33
2016;Visita;Norwich;1;8;0;15;4;7;0;38
2016;Local;Southampton;11;4;4;32;13;23;4;91
2016;Visita;Southampton;7;7;5;20;9;24;1;66
2016;Local;Stoke;7;6;6;23;8;31;1;71
2016;Visita;Stoke;4;11;4;40;15;35;1;97
2016;Local;Sunderland;7;7;5;25;9;32;1;78
2016;Visita;Sunderland;3;10;6;34;10;29;2;115
2016;Local;Swansea;7;8;4;25;11;34;1;77
2016;Visita;Swansea;4;12;3;41;15;24;1;119
2016;Local;Tottenham;12;2;4;36;12;24;0;143
2016;Visita;Tottenham;8;4;7;20;10;30;2;70
2016;Local;Watford;6;6;6;24;6;44;1;71
2016;Visita;Watford;4;13;2;36;20;23;0;115
2016;Local;West Brom;7;6;5;24;13;25;0;60
2016;Visita;West Brom;4;8;8;24;13;23;1;89
2016;Local;West Ham;10;4;5;29;14;38;1;88
2016;Visita;West Ham;5;9;5;33;15;38;3;97
2017;Local;Arsenal;16;2;2;45;15;33;2;147
2017;Visita;Arsenal;7;9;5;35;12;27;3;97
2017;Local;Bournemouth;7;8;6;33;14;32;2;92
2017;Visita;Bournemouth;3;10;6;34;17;36;0;107
2017;Local;Brighton;3;2;5;10;2;19;0;30
2017;Visita;Brighton;2;7;2;13;5;7;1;51
2017;Local;Burnley;8;6;4;14;6;30;0;53
2017;Visita;Burnley;5;9;8;28;8;38;4;111
2017;Local;Chelsea;16;3;1;48;22;24;3;144
2017;Visita;Chelsea;12;4;4;16;8;45;1;50
2017;Local;Crystal Palace;7;9;5;26;10;44;0;88
2017;Visita;Crystal Palace;5;12;3;32;11;33;1;102
2017;Local;Everton;15;4;1;47;16;34;1;102
2017;Visita;Everton;2;9;9;31;17;24;3;99
2017;Local;Huddersfield;4;3;4;10;7;16;2;36
2017;Visita;Huddersfield;2;6;2;20;5;15;2;46
2017;Local;Hull;6;2;1;17;5;16;1;36
2017;Visita;Hull;0;8;2;24;8;11;0;53
2017;Local;Leicester;9;7;3;28;13;25;2;79
2017;Visita;Leicester;5;10;6;35;16;28;0;101
2017;Local;Liverpool;11;2;8;40;17;23;0;140
2017;Visita;Liverpool;9;4;6;30;14;29;0;72
2017;Local;Man City;15;0;5;56;17;32;2;143
2017;Visita;Man City;15;2;3;15;9;42;1;49
2017;Local;Man United;11;1;8;34;14;33;0;101
2017;Visita;Man United;10;4;6;17;6;31;3;86
2017;Local;Middlesbrough;1;4;5;8;4;22;0;33
2017;Visita;Middlesbrough;0;7;2;18;11;11;0;56
2017;Local;Newcastle;3;6;2;9;4;19;2;40
2017;Visita;Newcastle;2;6;2;17;7;15;0;48
2017;Local;Southampton;5;8;7;20;9;21;0;86
2017;Visita;Southampton;5;10;5;31;13;34;0;109
2017;Local;Stoke;8;7;5;26;15;23;1;77
2017;Visita;Stoke;3;12;5;40;19;34;0;105
2017;Local;Sunderland;0;6;4;5;3;20;1;35
2017;Visita;Sunderland;2;7;0;15;5;16;0;69
2017;Local;Swansea;8;8;3;19;8;29;0;64
2017;Visita;Swansea;5;13;3;32;13;40;0;116
2017;Local;Tottenham;16;1;3;49;23;19;0;142
2017;Visita;Tottenham;11;6;3;21;9;45;1;73
2017;Local;Watford;7;9;5;25;12;47;3;70
2017;Visita;Watford;5;13;2;36;12;22;1;92
2017;Local;West Brom;6;8;7;21;11;39;0;81
2017;Visita;West Brom;1;11;7;32;13;25;2;86
2017;Local;West Ham;6;9;4;20;5;45;1;62
2017;Visita;West Ham;4;9;7;38;14;37;0;103
2018;Local;Arsenal;14;2;3;49;17;36;1;117
2018;Visita;Arsenal;5;10;3;36;20;28;0;96
2018;Local;Bournemouth;9;5;4;28;12;35;1;78
2018;Visita;Bournemouth;5;10;4;39;20;40;3;94
2018;Local;Brighton;9;4;6;29;15;39;2;72
2018;Visita;Brighton;2;12;4;32;17;17;1;93
2018;Local;Burnley;5;10;4;21;12;29;0;70
2018;Visita;Burnley;4;10;4;32;11;23;0;103
2018;Local;Cardiff;4;5;1;13;5;19;0;34
2018;Visita;Cardiff;1;7;2;18;6;4;1;65
2018;Local;Chelsea;9;3;6;28;15;19;0;113
2018;Visita;Chelsea;11;6;2;23;7;43;0;69
2018;Local;Crystal Palace;6;8;4;20;11;21;1;78
2018;Visita;Crystal Palace;6;9;4;31;15;31;1;92
2018;Local;Everton;9;4;6;29;10;17;0;67
2018;Visita;Everton;4;10;4;32;11;25;3;92
2018;Local;Fulham;3;4;3;12;7;18;1;56
2018;Visita;Fulham;0;8;2;24;11;12;0;65
2018;Local;Huddersfield;3;12;3;10;6;20;2;50
2018;Visita;Huddersfield;2;12;5;34;13;30;1;96
2018;Local;Leicester;7;6;6;24;10;28;2;91
2018;Visita;Leicester;6;9;3;33;17;26;1;86
2018;Local;Liverpool;15;0;3;51;23;16;0;123
2018;Visita;Liverpool;12;3;4;13;6;16;1;60
2018;Local;Man City;16;2;1;60;27;17;0;145
2018;Visita;Man City;12;3;3;15;6;27;1;56
2018;Local;Man United;13;2;3;35;20;30;1;114
2018;Visita;Man United;9;7;3;27;17;38;0;80
2018;Local;Newcastle;7;8;3;19;8;18;1;60
2018;Visita;Newcastle;4;8;7;25;8;19;0;96
2018;Local;Southampton;2;8;8;18;11;42;2;85
2018;Visita;Southampton;4;10;5;36;20;21;1;91
2018;Local;Stoke;1;5;3;7;2;21;1;30
2018;Visita;Stoke;1;3;4;11;3;10;0;62
2018;Local;Swansea;4;4;1;11;5;9;0;43
2018;Visita;Swansea;0;4;4;15;7;8;0;43
2018;Local;Tottenham;13;4;1;37;16;21;0;108
2018;Visita;Tottenham;14;3;3;20;7;38;0;75
2018;Local;Watford;9;6;4;29;9;34;1;92
2018;Visita;Watford;3;11;4;29;14;34;0;72
2018;Local;West Brom;2;4;2;11;3;12;0;25
2018;Visita;West Brom;2;6;1;14;2;13;0;47
2018;Local;West Ham;8;7;5;28;11;32;0;89
2018;Visita;West Ham;6;8;4;32;14;25;0;109
2018;Local;Wolves;4;4;2;12;2;16;0;40
2018;Visita;Wolves;4;3;3;10;5;21;2;38
2019;Local;Arsenal;10;4;5;37;18;46;1;96
2019;Visita;Arsenal;5;8;6;27;13;44;1;96
2019;Local;Aston Villa;4;4;2;13;7;18;0;46
2019;Visita;Aston Villa;1;8;1;22;4;25;3;61
2019;Local;Bournemouth;5;7;7;24;10;33;1;77
2019;Visita;Bournemouth;5;12;2;36;16;34;2;94
2019;Local;Brighton;5;9;5;18;7;20;2;61
2019;Visita;Brighton;3;11;5;33;12;27;1;109
2019;Local;Burnley;9;9;1;25;9;30;0;72
2019;Visita;Burnley;5;8;6;32;19;17;1;90
2019;Local;Cardiff;2;6;1;8;3;14;0;34
2019;Visita;Cardiff;3;6;0;13;6;12;0;55
2019;Local;Chelsea;10;4;5;31;11;25;0;113
2019;Visita;Chelsea;9;8;2;37;16;35;1;91
2019;Local;Crystal Palace;7;7;5;23;6;30;1;73
2019;Visita;Crystal Palace;9;6;4;26;7;41;1;92
2019;Local;Everton;10;6;3;24;12;33;0;92
2019;Visita;Everton;5;10;4;29;8;29;0;69
2019;Local;Fulham;3;6;0;10;2;16;0;30
2019;Visita;Fulham;1;8;0;21;10;9;0;52
2019;Local;Huddersfield;1;7;1;6;1;17;1;26
2019;Visita;Huddersfield;0;7;2;24;9;9;0;48
2019;Local;Leicester;11;5;3;31;8;22;0;97
2019;Visita;Leicester;9;7;3;25;14;44;1;81
2019;Local;Liverpool;18;0;1;55;30;14;2;126
2019;Visita;Liverpool;13;1;4;12;6;21;0;43
2019;Local;Man City;16;2;1;49;25;32;1;137
2019;Visita;Man City;14;4;1;18;8;23;0;53
2019;Local;Man United;9;3;7;32;16;34;0;109
2019;Visita;Man United;8;7;4;23;7;41;1;79
2019;Local;Newcastle;10;5;4;28;10;29;1;92
2019;Visita;Newcastle;5;11;3;32;13;28;0;102
2019;Local;Norwich;2;6;2;16;10;16;0;50
2019;Visita;Norwich;1;7;2;16;11;12;0;50
2019;Local;Sheffield United;4;4;2;12;6;17;1;41
2019;Visita;Sheffield United;3;1;6;9;4;10;0;35
2019;Local;Southampton;6;8;5;26;10;25;2;78
2019;Visita;Southampton;6;8;5;27;8;35;3;85
2019;Local;Tottenham;12;4;4;37;14;33;2;96
2019;Visita;Tottenham;4;10;4;30;10;32;0;94
2019;Local;Watford;5;7;6;19;4;45;3;71
2019;Visita;Watford;4;11;5;41;17;26;0;116
2019;Local;West Ham;7;7;4;30;13;31;0;80
2019;Visita;West Ham;5;10;4;27;9;25;1;113
2019;Local;Wolves;10;3;6;32;11;33;0;84
2019;Visita;Wolves;5;7;7;26;16;34;2;73
2020;Local;Arsenal;10;4;3;30;17;25;3;76
2020;Visita;Arsenal;5;8;4;19;11;35;1;74
2020;Local;Aston Villa;6;8;2;24;9;28;1;82
2020;Visita;Aston Villa;6;5;5;18;7;32;2;59
2020;Local;Bournemouth;3;4;2;12;4;17;1;26
2020;Visita;Bournemouth;1;8;0;21;13;14;1;55
2020;Local;Brighton;1;8;8;13;5;32;0;57
2020;Visita;Brighton;4;5;8;23;14;26;0;58
2020;Local;Burnley;6;5;5;16;7;25;0;58
2020;Visita;Burnley;6;6;5;23;13;19;3;91
2020;Local;Chelsea;11;2;4;37;19;23;1;112
2020;Visita;Chelsea;5;7;5;30;14;28;0;65
2020;Local;Crystal Palace;4;8;5;15;9;30;0;56
2020;Visita;Crystal Palace;5;9;3;31;11;25;3;90
2020;Local;Everton;7;3;6;27;17;27;1;75
2020;Visita;Everton;8;7;2;24;14;21;0;69
2020;Local;Fulham;1;4;3;6;4;19;1;30
2020;Visita;Fulham;1;4;2;11;4;5;0;39
2020;Local;Leeds;3;3;2;13;5;13;0;45
2020;Visita;Leeds;4;4;0;17;11;7;0;54
2020;Local;Leicester;7;7;3;27;11;26;1;70
2020;Visita;Leicester;7;6;4;22;10;20;1;68
2020;Local;Liverpool;15;0;2;46;23;8;0;117
2020;Visita;Liverpool;8;4;6;24;14;28;2;66
2020;Local;Man City;12;1;3;44;24;19;0;105
2020;Visita;Man City;8;5;3;13;5;24;0;46
2020;Local;Man United;8;4;5;30;15;24;1;95
2020;Visita;Man United;11;2;3;17;13;29;1;58
2020;Local;Newcastle;5;6;6;18;5;30;0;64
2020;Visita;Newcastle;4;7;5;27;9;23;1;94
2020;Local;Norwich;2;6;1;3;2;13;3;23
2020;Visita;Norwich;0;8;1;22;11;10;0;52
2020;Local;Sheffield United;6;9;2;16;8;23;0;56
2020;Visita;Sheffield United;1;12;4;30;12;16;0;90
2020;Local;Southampton;8;7;2;24;14;24;2;84
2020;Visita;Southampton;8;3;6;22;10;25;1;71
2020;Local;Tottenham;9;4;3;25;17;26;0;70
2020;Visita;Tottenham;6;4;7;18;8;41;1;79
2020;Local;Watford;4;3;2;13;4;15;1;25
2020;Visita;Watford;1;7;1;17;10;13;0;43
2020;Local;West Brom;1;5;2;5;5;10;2;24
2020;Visita;West Brom;0;5;3;15;9;13;0;46
2020;Local;West Ham;7;5;6;30;16;19;0;79
2020;Visita;West Ham;4;9;4;27;12;15;0;77
2020;Local;Wolves;7;4;6;20;7;23;0;72
2020;Visita;Wolves;7;8;2;23;12;30;1;57
2021;Local;Arsenal;12;4;4;32;14;26;0;101
2021;Visita;Arsenal;11;7;3;27;14;35;1;104
2021;Local;Aston Villa;8;9;4;29;12;34;3;78
2021;Visita;Aston Villa;7;12;2;30;12;39;1;116
2021;Local;Brentford;3;5;1;10;3;16;0;38
2021;Visita;Brentford;2;3;4;14;10;21;0;44
2021;Local;Brighton;7;5;8;23;11;34;1;86
2021;Visita;Brighton;5;7;8;20;11;37;0;80
2021;Local;Burnley;2;8;9;17;10;33;0;72
2021;Visita;Burnley;5;11;4;31;18;20;0;104
2021;Local;Chelsea;10;4;7;36;16;27;1;126
2021;Visita;Chelsea;14;3;4;14;9;34;2;66
2021;Local;Crystal Palace;8;6;7;29;11;35;0;80
2021;Visita;Crystal Palace;4;11;5;38;15;30;1;105
2021;Local;Everton;6;10;4;22;9;30;1;74
2021;Visita;Everton;7;7;6;28;13;32;0;99
2021;Local;Fulham;1;9;1;3;2;17;1;33
2021;Visita;Fulham;2;3;7;14;4;13;0;49
2021;Local;Leeds;7;6;7;25;11;43;1;99
2021;Visita;Leeds;7;10;3;37;16;27;1;115
2021;Local;Leicester;11;8;1;39;17;20;0;114
2021;Visita;Leicester;7;6;7;33;17;24;1;81
2021;Local;Liverpool;9;6;5;30;14;29;0;114
2021;Visita;Liverpool;14;4;3;20;7;34;2;66
2021;Local;Man City;17;4;1;60;27;23;1;157
2021;Visita;Man City;19;2;1;16;4;38;1;53
2021;Local;Man United;11;6;3;45;18;37;1;118
2021;Visita;Man United;10;2;9;17;11;39;1;93
2021;Local;Newcastle;4;9;8;30;18;37;3;91
2021;Visita;Newcastle;4;12;5;38;15;29;1;104
2021;Local;Norwich;1;7;2;5;3;18;0;36
2021;Visita;Norwich;1;6;2;23;10;13;0;53
2021;Local;Sheffield United;5;6;0;8;3;22;1;32
2021;Visita;Sheffield United;2;9;0;21;8;7;0;74
2021;Local;Southampton;6;6;8;24;16;26;2;86
2021;Visita;Southampton;3;15;3;54;25;31;1;116
2021;Local;Tottenham;14;6;2;41;18;31;1;118
2021;Visita;Tottenham;6;8;4;28;14;37;3;79
2021;Local;Watford;2;6;1;11;6;21;0;41
2021;Visita;Watford;2;6;0;14;9;20;0;43
2021;Local;West Brom;2;5;4;10;6;16;0;35
2021;Visita;West Brom;2;7;2;22;13;15;1;71
2021;Local;West Ham;11;6;3;38;19;27;1;91
2021;Visita;West Ham;11;6;4;24;13;32;1;82
2021;Local;Wolves;7;10;3;17;9;34;0;77
2021;Visita;Wolves;6;7;7;21;5;29;0;100
2022;Local;Arsenal;13;3;1;40;15;21;1;114
2022;Visita;Arsenal;12;5;1;20;10;33;0;61
2022;Local;Aston Villa;6;7;5;26;14;29;1;94
2022;Visita;Aston Villa;5;10;3;27;11;44;1;73
2022;Local;Bournemouth;3;4;2;9;4;17;0;29
2022;Visita;Bournemouth;1;5;2;26;15;8;0;46
2022;Local;Brentford;7;5;6;27;11;26;2;77
2022;Visita;Brentford;6;9;4;39;19;18;2;121
2022;Local;Brighton;5;7;6;24;9;29;0;82
2022;Visita;Brighton;9;6;3;26;8;35;1;72
2022;Local;Burnley;4;6;2;10;3;16;0;44
2022;Visita;Burnley;2;4;4;12;5;11;0;53
2022;Local;Chelsea;8;3;5;26;10;32;1;76
2022;Visita;Chelsea;8;6;3;16;8;19;1;64
2022;Local;Crystal Palace;7;6;4;19;9;28;2;68
2022;Visita;Crystal Palace;5;6;7;21;8;26;1;65
2022;Local;Everton;7;9;3;21;8;41;4;78
2022;Visita;Everton;2;12;5;37;16;37;0;110
2022;Local;Fulham;4;2;3;16;6;14;1;43
2022;Visita;Fulham;3;4;1;13;5;14;3;40
2022;Local;Leeds;5;9;4;22;8;44;2;68
2022;Visita;Leeds;5;9;4;37;20;29;3;113
2022;Local;Leicester;7;6;5;27;13;20;0;75
2022;Visita;Leicester;5;11;3;36;15;29;1;112
2022;Local;Liverpool;15;1;3;50;23;17;1;135
2022;Visita;Liverpool;9;3;4;17;10;22;0;69
2022;Local;Man City;14;2;2;58;28;12;1;116
2022;Visita;Man City;10;1;5;11;7;31;2;36
2022;Local;Man United;10;2;5;27;11;34;0;89
2022;Visita;Man United;7;9;3;39;20;26;0;102
2022;Local;Newcastle;12;1;5;30;12;31;0;91
2022;Visita;Newcastle;9;5;4;21;6;35;3;73
2022;Local;Norwich;2;6;1;7;4;11;0;27
2022;Visita;Norwich;1;7;2;18;6;9;1;64
2022;Local;Nott'm Forest;3;3;2;10;6;22;0;32
2022;Visita;Nott'm Forest;0;6;2;22;9;13;0;61
2022;Local;Southampton;5;9;4;23;12;24;0;92
2022;Visita;Southampton;3;12;3;39;23;29;0;87
2022;Local;Tottenham;12;5;0;43;17;33;0;106
2022;Visita;Tottenham;10;5;5;23;8;40;0;85
2022;Local;Watford;0;9;1;6;4;12;1;28
2022;Visita;Watford;2;6;3;17;9;15;0;48
2022;Local;West Ham;8;7;4;24;11;29;0;80
2022;Visita;West Ham;3;12;2;25;8;22;0;78
2022;Local;Wolves;6;10;3;20;13;38;3;68
2022;Visita;Wolves;5;10;3;23;5;35;1;79
2023;Local;Arsenal;14;3;5;53;22;22;1;136
2023;Visita;Arsenal;10;6;4;22;12;47;0;71
2023;Local;Aston Villa;17;2;2;50;24;52;0;110
2023;Visita;Aston Villa;9;7;5;28;15;48;3;111
2023;Local;Bournemouth;6;8;5;22;10;27;1;87
2023;Visita;Bournemouth;8;12;1;40;15;27;2;119
2023;Local;Brentford;10;5;6;37;19;34;2;107
2023;Visita;Brentford;5;10;4;23;12;33;2;105
2023;Local;Brighton;12;3;6;46;20;37;1;160
2023;Visita;Brighton;7;8;5;37;19;49;3;90
2023;Local;Burnley;1;9;0;10;4;14;1;33
2023;Visita;Burnley;2;6;2;17;7;22;1;64
2023;Local;Chelsea;6;8;8;25;10;48;1;102
2023;Visita;Chelsea;6;11;4;34;16;39;4;104
2023;Local;Crystal Palace;5;7;9;22;8;39;1;78
2023;Visita;Crystal Palace;5;11;5;31;16;50;1;89
2023;Local;Everton;7;12;2;20;8;41;1;109
2023;Visita;Everton;6;8;6;34;19;34;0;100
2023;Local;Fulham;10;8;2;34;14;34;1;83
2023;Visita;Fulham;5;12;4;34;14;23;0;128
2023;Local;Leeds;2;4;5;13;7;24;1;50
2023;Visita;Leeds;1;9;1;24;8;17;1;64
2023;Local;Leicester;3;6;2;14;10;18;2;52
2023;Visita;Leicester;1;6;3;20;12;16;1;51
2023;Local;Liverpool;14;0;5;45;19;31;1;120
2023;Visita;Liverpool;9;6;7;30;15;34;2;98
2023;Local;Luton;2;6;2;13;3;22;0;35
2023;Visita;Luton;2;6;1;20;4;18;0;57
2023;Local;Man City;16;0;3;53;29;25;2;110
2023;Visita;Man City;13;6;3;22;10;52;2;61
2023;Local;Man United;16;4;2;37;12;40;1;134
2023;Visita;Man United;7;10;3;28;5;36;0;100
2023;Local;Newcastle;14;4;2;42;18;36;1;122
2023;Visita;Newcastle;5;8;7;31;15;45;1;97
2023;Local;Nott'm Forest;8;6;7;31;12;43;2;73
2023;Visita;Nott'm Forest;3;13;5;42;18;33;1;107
2023;Local;Sheffield United;2;7;1;10;4;31;0;33
2023;Visita;Sheffield United;0;8;2;25;8;20;1;64
2023;Local;Southampton;1;8;2;10;4;16;0;38
2023;Visita;Southampton;2;6;2;19;10;13;0;46
2023;Local;Tottenham;13;7;1;36;17;49;3;130
2023;Visita;Tottenham;8;8;5;42;20;45;1;100
2023;Local;West Ham;10;4;5;34;19;29;1;80
2023;Visita;West Ham;7;11;3;41;16;24;0;124
2023;Local;Wolves;12;4;4;30;13;47;3;91
2023;Visita;Wolves;4;13;4;43;20;34;1;123
2024;Local;Arsenal;5;1;0;16;8;13;0;35
2024;Visita;Arsenal;5;0;1;1;0;8;0;7
2024;Local;Aston Villa;2;3;1;11;5;13;1;31
2024;Visita;Aston Villa;4;1;2;8;3;15;0;36
2024;Local;Bournemouth;3;2;3;12;3;18;1;44
2024;Visita;Bournemouth;1;2;2;8;2;5;0;29
2024;Local;Brentford;2;2;3;10;2;13;0;31
2024;Visita;Brentford;1;5;1;15;5;13;0;42
2024;Local;Brighton;2;1;2;6;4;9;1;22
2024;Visita;Brighton;1;4;3;12;6;14;1;35
2024;Local;Burnley;1;2;4;7;3;10;0;32
2024;Visita;Burnley;0;4;2;14;5;14;0;40
2024;Local;Chelsea;4;1;1;18;10;17;0;50
2024;Visita;Chelsea;1;1;3;10;4;12;0;33
2024;Local;Crystal Palace;2;2;1;10;5;9;0;22
2024;Visita;Crystal Palace;1;4;2;15;5;7;0;39
2024;Local;Everton;1;1;3;5;2;7;0;25
2024;Visita;Everton;0;4;3;14;7;6;1;44
2024;Local;Fulham;3;2;1;10;5;11;0;32
2024;Visita;Fulham;2;3;2;12;4;16;0;31
2024;Local;Liverpool;6;1;1;21;5;15;0;80
2024;Visita;Liverpool;3;1;1;6;1;16;0;21
2024;Local;Luton;2;3;1;11;4;8;0;35
2024;Visita;Luton;0;5;3;23;7;11;0;61
2024;Local;Man City;6;0;2;19;5;7;0;56
2024;Visita;Man City;4;0;1;6;4;5;0;22
2024;Local;Man United;2;1;2;10;5;10;0;29
2024;Visita;Man United;3;2;2;15;5;17;0;49
2024;Local;Newcastle;3;1;3;20;10;5;1;43
2024;Visita;Newcastle;3;3;0;14;5;13;0;44
2024;Local;Nott'm Forest;2;3;2;11;7;10;0;34
2024;Visita;Nott'm Forest;0;4;2;13;7;12;1;27
2024;Local;Sheffield United;0;3;3;7;2;14;2;22
2024;Visita;Sheffield United;1;4;1;12;4;10;0;37
2024;Local;Tottenham;5;1;0;14;1;9;0;32
2024;Visita;Tottenham;1;2;3;12;7;8;1;24
2024;Local;West Ham;1;2;5;9;4;14;0;29
2024;Visita;West Ham;2;3;1;13;5;14;2;46
2024;Local;Wolves;2;3;0;7;2;13;0;24
2024;Visita;Wolves;2;2;3;11;6;9;0;41